<?xml version='1.0' encoding='UTF-8'?>
<properties>
   <entry key="AG}42c822cc:145d0530852:-7c2c"/>
   <entry key="AG}42c822cc:145d0530852:-7c2b"/>
   <entry key="AG}42c822cc:145d0530852:-7c2e"/>
   <entry key="AG}42c822cc:145d0530852:-7c2d"/>
   <entry key="AG}42c822cc:145d0530852:-7c2f"/>
   <entry key="AG}-a65e19d:139d819a835:-7c30"/>
   <entry key="AG}-a65e19d:139d819a835:-7c35"/>
   <entry key="AG}-a65e19d:139d819a835:-7c36"/>
   <entry key="AG}-a65e19d:139d819a835:-7c37"/>
   <entry key="AG}-a65e19d:139d819a835:-7c38"/>
   <entry key="AG}-a65e19d:139d819a835:-7c31"/>
   <entry key="AG}-a65e19d:139d819a835:-7c34"/>
   <entry key="AG}-a65e19d:139d819a835:-7c39"/>
   <entry key="AG}42c822cc:145d0530852:-7c3a"/>
   <entry key="AG}-5a666a4a:14273cf413b:-7831"/>
   <entry key="AG}-5a666a4a:14273cf413b:-7830"/>
   <entry key="AG}42c822cc:145d0530852:-7c30"/>
   <entry key="AG}42c822cc:145d0530852:-7c32"/>
   <entry key="AG}42c822cc:145d0530852:-7c31"/>
   <entry key="AJ}public java.lang.String com.oracle.xmlns.candidateinformation.Transaction$TransactionDetails.getPlatform()"/>
   <entry key="AG}42c822cc:145d0530852:-7c34"/>
   <entry key="AG}-a65e19d:139d819a835:-7c24"/>
   <entry key="AG}42c822cc:145d0530852:-7c33"/>
   <entry key="AG}-a65e19d:139d819a835:-7c25"/>
   <entry key="AG}42c822cc:145d0530852:-7c36"/>
   <entry key="AG}-a65e19d:139d819a835:-7c26"/>
   <entry key="AG}42c822cc:145d0530852:-7c35"/>
   <entry key="AG}-a65e19d:139d819a835:-7c27"/>
   <entry key="AG}42c822cc:145d0530852:-7c39"/>
   <entry key="AG}-a65e19d:139d819a835:-7c28"/>
   <entry key="AG}-a65e19d:139d819a835:-7c29"/>
   <entry key="AG}42c822cc:145d0530852:-7c2a"/>
   <entry key="AJ}public java.util.List com.oracle.xmlns.candidateinformation.Transaction.getTransactionDetails()"/>
   <entry key="AG}-5fd28ebf:133e8cbd391:-7c08"/>
   <entry key="AG}-5fd28ebf:133e8cbd391:-7c07"/>
   <entry key="AG}-5fd28ebf:133e8cbd391:-7c09"/>
   <entry key="AG}-a65e19d:139d819a835:-7c3a"/>
   <entry key="AG}-5fd28ebf:133e8cbd391:-7c04"/>
   <entry key="AG}-5fd28ebf:133e8cbd391:-7c03"/>
   <entry key="AG}-5fd28ebf:133e8cbd391:-7c06"/>
   <entry key="AG}-5fd28ebf:133e8cbd391:-7c05"/>
   <entry key="AG}-5fd28ebf:133e8cbd391:-7c00"/>
   <entry key="AG}-5fd28ebf:133e8cbd391:-7c02"/>
   <entry key="AG}-5fd28ebf:133e8cbd391:-7c01"/>
   <entry key="AG}aa57512:1449c90add5:-7c3a"/>
   <entry key="AG}42c822cc:145d0530852:-7c29"/>
   <entry key="AG}-5fd28ebf:133e8cbd391:-7c19"/>
   <entry key="AG}-a65e19d:139d819a835:-7c2d"/>
   <entry key="AG}-5fd28ebf:133e8cbd391:-7c18"/>
   <entry key="AG}-a65e19d:139d819a835:-7c2e"/>
   <entry key="AG}-a65e19d:139d819a835:-7c2f"/>
   <entry key="AG}-5fd28ebf:133e8cbd391:-7c15"/>
   <entry key="AG}-5fd28ebf:133e8cbd391:-7c14"/>
   <entry key="AG}-a65e19d:139d819a835:-7c2a"/>
   <entry key="AG}-5fd28ebf:133e8cbd391:-7c17"/>
   <entry key="AG}-a65e19d:139d819a835:-7c2b"/>
   <entry key="AG}-5fd28ebf:133e8cbd391:-7c16"/>
   <entry key="AG}-a65e19d:139d819a835:-7c2c"/>
   <entry key="AG}-5fd28ebf:133e8cbd391:-7c11"/>
   <entry key="AG}-5fd28ebf:133e8cbd391:-7c10"/>
   <entry key="AG}-5fd28ebf:133e8cbd391:-7c13"/>
   <entry key="AG}-5fd28ebf:133e8cbd391:-7c12"/>
   <entry key="AJ}com.oracle.xmlns.candidateinformation.Transaction.{transactionDetails}"/>
   <entry key="AG}aa57512:1449c90add5:-7c38"/>
   <entry key="AG}aa57512:1449c90add5:-7c39"/>
   <entry key="AG}-5fd28ebf:133e8cbd391:-7c29"/>
   <entry key="AJ}public void com.oracle.xmlns.candidateinformation.Transaction$TransactionDetails.setCurrentTime(javax.xml.datatype.XMLGregorianCalendar)"/>
   <entry key="AG}-5fd28ebf:133e8cbd391:-7c26"/>
   <entry key="AG}-5fd28ebf:133e8cbd391:-7c25"/>
   <entry key="AG}-5fd28ebf:133e8cbd391:-7c28"/>
   <entry key="AG}-5fd28ebf:133e8cbd391:-7c27"/>
   <entry key="AG}-5fd28ebf:133e8cbd391:-7c21"/>
   <entry key="AG}-5fd28ebf:133e8cbd391:-7c24"/>
   <entry key="AG}-5fd28ebf:133e8cbd391:-7c20"/>
   <entry key="AJ}public void com.oracle.xmlns.candidateinformation.Transaction$TransactionDetails.setMessageVersion(java.lang.String)"/>
   <entry key="AG}-5fd28ebf:133e8cbd391:-7c0d"/>
   <entry key="AG}-5fd28ebf:133e8cbd391:-7c0c"/>
   <entry key="AG}-5fd28ebf:133e8cbd391:-7c0f"/>
   <entry key="AG}-5fd28ebf:133e8cbd391:-7c0e"/>
   <entry key="AJ}com.oracle.xmlns.candidateinformation.Transaction$TransactionDetails.{waitTime}"/>
   <entry key="AG}-5fd28ebf:133e8cbd391:-7c0b"/>
   <entry key="AG}-5fd28ebf:133e8cbd391:-7c0a"/>
   <entry key="AJ}com.oracle.xmlns.candidateinformation.Transaction$TransactionDetails"/>
   <entry key="AG}-5fd28ebf:133e8cbd391:-7c37"/>
   <entry key="AG}-5fd28ebf:133e8cbd391:-7c36"/>
   <entry key="AG}-5fd28ebf:133e8cbd391:-7c39"/>
   <entry key="AG}-5fd28ebf:133e8cbd391:-7c38"/>
   <entry key="AG}-5fd28ebf:133e8cbd391:-7c33"/>
   <entry key="AG}-5fd28ebf:133e8cbd391:-7c32"/>
   <entry key="AG}862c9a6:13a0b98aa00:-7c30"/>
   <entry key="AG}-5fd28ebf:133e8cbd391:-7c35"/>
   <entry key="AG}-5fd28ebf:133e8cbd391:-7c34"/>
   <entry key="AG}862c9a6:13a0b98aa00:-7c34"/>
   <entry key="AG}-5fd28ebf:133e8cbd391:-7c31"/>
   <entry key="AG}-5fd28ebf:133e8cbd391:-7c30"/>
   <entry key="AG}862c9a6:13a0b98aa00:-7c32"/>
   <entry key="AG}-5fd28ebf:133e8cbd391:-7c1e"/>
   <entry key="AG}-5fd28ebf:133e8cbd391:-7c1d"/>
   <entry key="AG}-5fd28ebf:133e8cbd391:-7c1f"/>
   <entry key="AG}-5fd28ebf:133e8cbd391:-7c1a"/>
   <entry key="AG}-5fd28ebf:133e8cbd391:-7c1c"/>
   <entry key="AG}-5fd28ebf:133e8cbd391:-7c1b"/>
   <entry key="AG}862c9a6:13a0b98aa00:-7c2e"/>
   <entry key="AG}56a4d417:13e8b76dbc1:-7483"/>
   <entry key="AG}-44223e88:13a0be3486b:-7c3a"/>
   <entry key="AJ}public java.lang.String com.oracle.xmlns.candidateinformation.Transaction$TransactionDetails.getOutage()"/>
   <entry key="AG}862c9a6:13a0b98aa00:-7c39"/>
   <entry key="AG}862c9a6:13a0b98aa00:-7c38"/>
   <entry key="AG}-5fd28ebf:133e8cbd391:-7c2f"/>
   <entry key="AG}-5fd28ebf:133e8cbd391:-7c2e"/>
   <entry key="AG}-5fd28ebf:133e8cbd391:-7c2b"/>
   <entry key="AG}-5fd28ebf:133e8cbd391:-7c2a"/>
   <entry key="AG}-5fd28ebf:133e8cbd391:-7c2d"/>
   <entry key="AG}-5fd28ebf:133e8cbd391:-7c2c"/>
   <entry key="AJ}public void com.oracle.xmlns.candidateinformation.Transaction$TransactionDetails.setServiceProvider(java.lang.String)"/>
   <entry key="AG}-44223e88:13a0be3486b:-7c39"/>
   <entry key="AG}-44223e88:13a0be3486b:-7c38"/>
   <entry key="AG}56a4d417:13e8b76dbc1:-746e"/>
   <entry key="AJ}com.oracle.xmlns.candidateinformation.Transaction$TransactionDetails.{direction}"/>
   <entry key="AJ}public javax.xml.datatype.XMLGregorianCalendar com.oracle.xmlns.candidateinformation.Transaction$TransactionDetails.getCurrentTime()"/>
   <entry key="AG}-5fd28ebf:133e8cbd391:-7c3a"/>
   <entry key="AJ}public void com.oracle.xmlns.candidateinformation.Transaction$TransactionDetails.setPlatform(java.lang.String)"/>
   <entry key="AG}-8801518:13e0172298d:-771f"/>
   <entry key="AJ}com.oracle.xmlns.candidateinformation.Transaction$TransactionDetails.{currentTime}"/>
   <entry key="AG}-8801518:13e0172298d:-771e"/>
   <entry key="AG}-8801518:13e0172298d:-771b"/>
   <entry key="AG}-8801518:13e0172298d:-771d"/>
   <entry key="AG}-8801518:13e0172298d:-771c"/>
   <entry key="AG}20fe6a89:132dcf6e87c:-7bc4"/>
   <entry key="AG}20fe6a89:132dcf6e87c:-7bc5"/>
   <entry key="AG}-5e951a77:13a6413212a:-7c39"/>
   <entry key="AJ}public com.oracle.xmlns.candidateinformation.Transaction com.oracle.xmlns.candidateinformation.ObjectFactory.createTransaction()"/>
   <entry key="AG}-5e951a77:13a6413212a:-7c3a"/>
   <entry key="AG}20fe6a89:132dcf6e87c:-7bd1"/>
   <entry key="AG}20fe6a89:132dcf6e87c:-7bd5"/>
   <entry key="AG}20fe6a89:132dcf6e87c:-7bd4"/>
   <entry key="AG}20fe6a89:132dcf6e87c:-7bd7"/>
   <entry key="AG}20fe6a89:132dcf6e87c:-7bd6"/>
   <entry key="AG}-5fd28ebf:133e8cbd391:-7bf7"/>
   <entry key="AG}-5fd28ebf:133e8cbd391:-7bf6"/>
   <entry key="AG}-5fd28ebf:133e8cbd391:-7bf9"/>
   <entry key="AG}-5fd28ebf:133e8cbd391:-7bf8"/>
   <entry key="AG}-5fd28ebf:133e8cbd391:-7bf3"/>
   <entry key="AG}-5fd28ebf:133e8cbd391:-7bf5"/>
   <entry key="AG}-5fd28ebf:133e8cbd391:-7bf4"/>
   <entry key="AJ}public java.lang.String com.oracle.xmlns.candidateinformation.Transaction$TransactionDetails.getSupportTeamQueue()"/>
   <entry key="AG}-5fd28ebf:133e8cbd391:-7bff"/>
   <entry key="AG}-5fd28ebf:133e8cbd391:-7bfc"/>
   <entry key="AG}-5fd28ebf:133e8cbd391:-7bfb"/>
   <entry key="AG}147cacae:148e3b0a9e3:-7c29"/>
   <entry key="AG}-5fd28ebf:133e8cbd391:-7bfe"/>
   <entry key="AG}-5fd28ebf:133e8cbd391:-7bfd"/>
   <entry key="AG}2ce55c5:13479447983:-7c18"/>
   <entry key="AG}2ce55c5:13479447983:-7c19"/>
   <entry key="AG}79dd074c:1403ebe5afb:-7c39"/>
   <entry key="AG}-8801518:13e0172298d:-7715"/>
   <entry key="AG}-5fd28ebf:133e8cbd391:-7bfa"/>
   <entry key="AJ}public java.lang.String com.oracle.xmlns.candidateinformation.Transaction$TransactionDetails.getDirection()"/>
   <entry key="AG}2ce55c5:13479447983:-7c15"/>
   <entry key="AG}2ce55c5:13479447983:-7c16"/>
   <entry key="AG}2ce55c5:13479447983:-7c13"/>
   <entry key="AG}-6cef423a:1415a3ab5d3:-7c39"/>
   <entry key="AG}-6cef423a:1415a3ab5d3:-7c38"/>
   <entry key="AG}79dd074c:1403ebe5afb:-7c32"/>
   <entry key="AG}-8801518:13e0172298d:-7721"/>
   <entry key="AG}-8801518:13e0172298d:-7720"/>
   <entry key="AG}79dd074c:1403ebe5afb:-7c33"/>
   <entry key="AG}-8801518:13e0172298d:-7727"/>
   <entry key="AG}-8801518:13e0172298d:-7723"/>
   <entry key="AG}-8801518:13e0172298d:-7722"/>
   <entry key="AG}-8801518:13e0172298d:-7725"/>
   <entry key="AG}-8801518:13e0172298d:-7724"/>
   <entry key="AJ}public void com.oracle.xmlns.candidateinformation.Transaction$TransactionDetails.setTarget(java.lang.String)"/>
   <entry key="AG}36f1ff7f:143dd649cd3:-7c32"/>
   <entry key="AG}36f1ff7f:143dd649cd3:-7c31"/>
   <entry key="AG}36f1ff7f:143dd649cd3:-7c30"/>
   <entry key="DG}20fe6a89:132dcf6e87c:-7c25"/>
   <entry key="DG}20fe6a89:132dcf6e87c:-7c26"/>
   <entry key="AJ}public void com.oracle.xmlns.candidateinformation.Transaction$TransactionDetails.setUniqueTrasactionId(java.lang.String)"/>
   <entry key="AG}2072b094:1478c9b190d:-7c27"/>
   <entry key="AG}2072b094:1478c9b190d:-7c29"/>
   <entry key="AG}219ba4e8:13e6155e3ef:-77ff"/>
   <entry key="AG}2072b094:1478c9b190d:-7c28"/>
   <entry key="AG}219ba4e8:13e6155e3ef:-77fe"/>
   <entry key="AG}147cacae:148e3b0a9e3:-7c2a"/>
   <entry key="AG}147cacae:148e3b0a9e3:-7c2d"/>
   <entry key="AG}147cacae:148e3b0a9e3:-7c2b"/>
   <entry key="AG}147cacae:148e3b0a9e3:-7c2c"/>
   <entry key="AG}36f1ff7f:143dd649cd3:-7c3a"/>
   <entry key="AG}7b0331c7:1367c403a84:-7c3a"/>
   <entry key="AG}-3f016b91:1471ef17182:-7c39"/>
   <entry key="AG}a5c2105:1493229c2fe:-7c37"/>
   <entry key="AG}-3f016b91:1471ef17182:-7c38"/>
   <entry key="AG}-3f016b91:1471ef17182:-7c37"/>
   <entry key="AJ}public void com.oracle.xmlns.candidateinformation.Transaction.setTransactionDetails(java.util.List)"/>
   <entry key="AG}36f1ff7f:143dd649cd3:-7c36"/>
   <entry key="AG}36f1ff7f:143dd649cd3:-7c35"/>
   <entry key="AG}36f1ff7f:143dd649cd3:-7c34"/>
   <entry key="AG}36f1ff7f:143dd649cd3:-7c33"/>
   <entry key="AG}36f1ff7f:143dd649cd3:-7c39"/>
   <entry key="AG}36f1ff7f:143dd649cd3:-7c38"/>
   <entry key="AG}36f1ff7f:143dd649cd3:-7c37"/>
   <entry key="AG}36f1ff7f:143dd649cd3:-7c2e"/>
   <entry key="AG}36f1ff7f:143dd649cd3:-7c2d"/>
   <entry key="AJ}public java.lang.String com.oracle.xmlns.candidateinformation.Transaction$TransactionDetails.getTarget()"/>
   <entry key="AJ}com.oracle.xmlns.candidateinformation.Transaction$TransactionDetails.{supportTeamEmail}"/>
   <entry key="AG}36f1ff7f:143dd649cd3:-7c2c"/>
   <entry key="AJ}public java.lang.String com.oracle.xmlns.candidateinformation.Transaction$TransactionDetails.getUniqueTrasactionId()"/>
   <entry key="AG}36f1ff7f:143dd649cd3:-7c2f"/>
   <entry key="AJ}public void com.oracle.xmlns.candidateinformation.Transaction$TransactionDetails.setEndTime(java.lang.String)"/>
   <entry key="AG}4120bd1b:135e21ff4da:-7c14"/>
   <entry key="AG}4120bd1b:135e21ff4da:-7c16"/>
   <entry key="AJ}com.oracle.xmlns.candidateinformation.Transaction$TransactionDetails.{milestone}"/>
   <entry key="AJ}com.oracle.xmlns.candidateinformation.Transaction$TransactionDetails.{threshold}"/>
   <entry key="AJ}public void com.oracle.xmlns.candidateinformation.Transaction$TransactionDetails.setDirection(java.lang.String)"/>
   <entry key="AG}65e530d4:14f2692be53:-7c35"/>
   <entry key="AG}65e530d4:14f2692be53:-7c37"/>
   <entry key="AG}4120bd1b:135e21ff4da:-7c17"/>
   <entry key="AG}4120bd1b:135e21ff4da:-7c18"/>
   <entry key="AG}4120bd1b:135e21ff4da:-7c19"/>
   <entry key="AJ}com.oracle.xmlns.candidateinformation.Transaction"/>
   <entry key="AJ}public java.lang.String com.oracle.xmlns.candidateinformation.Transaction$TransactionDetails.getEndTime()"/>
   <entry key="AG}4120bd1b:135e21ff4da:-7c31"/>
   <entry key="AG}4120bd1b:135e21ff4da:-7c32"/>
   <entry key="AG}4120bd1b:135e21ff4da:-7c33"/>
   <entry key="AJ}com.oracle.xmlns.candidateinformation.Transaction$TransactionDetails.{uniqueTrasactionId}"/>
   <entry key="AG}4120bd1b:135e21ff4da:-7c34"/>
   <entry key="AJ}public java.lang.String com.oracle.xmlns.candidateinformation.Transaction$TransactionDetails.getServiceProvider()"/>
   <entry key="AG}4120bd1b:135e21ff4da:-7c35"/>
   <entry key="AG}2d54324c:148e3f0d614:-7c2e"/>
   <entry key="AG}4120bd1b:135e21ff4da:-7c37"/>
   <entry key="AG}4120bd1b:135e21ff4da:-7c38"/>
   <entry key="AG}7c86c355:14d57689a63:-7c34"/>
   <entry key="AJ}public void com.oracle.xmlns.candidateinformation.Transaction$TransactionDetails.setMessageType(java.lang.String)"/>
   <entry key="AG}4120bd1b:135e21ff4da:-7c30"/>
   <entry key="AG}4120bd1b:135e21ff4da:-7c2a"/>
   <entry key="AG}4120bd1b:135e21ff4da:-7c2b"/>
   <entry key="AG}4120bd1b:135e21ff4da:-7c2c"/>
   <entry key="AG}4120bd1b:135e21ff4da:-7c2d"/>
   <entry key="AG}7c86c355:14d57689a63:-7c2d"/>
   <entry key="AG}4120bd1b:135e21ff4da:-7c2e"/>
   <entry key="AG}4120bd1b:135e21ff4da:-7c2f"/>
   <entry key="AG}4120bd1b:135e21ff4da:-7c39"/>
   <entry key="AJ}public java.lang.String com.oracle.xmlns.candidateinformation.Transaction$TransactionDetails.getSupportTeamEmail()"/>
   <entry key="AG}71fb9e5b:1372bf587e5:-7c39"/>
   <entry key="AG}2d54324c:148e3f0d614:-7c2d"/>
   <entry key="AG}71fb9e5b:1372bf587e5:-7c38"/>
   <entry key="AG}-137fa469:13a0bb058ed:-7c39"/>
   <entry key="AG}4120bd1b:135e21ff4da:-7c20"/>
   <entry key="AG}4120bd1b:135e21ff4da:-7c21"/>
   <entry key="AG}4120bd1b:135e21ff4da:-7c22"/>
   <entry key="AG}4120bd1b:135e21ff4da:-7c23"/>
   <entry key="AG}4120bd1b:135e21ff4da:-7c24"/>
   <entry key="AG}4120bd1b:135e21ff4da:-7c26"/>
   <entry key="AG}4120bd1b:135e21ff4da:-7c27"/>
   <entry key="AJ}public java.lang.String com.oracle.xmlns.candidateinformation.Transaction$TransactionDetails.getSource()"/>
   <entry key="AG}4120bd1b:135e21ff4da:-7c1a"/>
   <entry key="AG}4120bd1b:135e21ff4da:-7c1b"/>
   <entry key="AG}4120bd1b:135e21ff4da:-7c1c"/>
   <entry key="AG}4120bd1b:135e21ff4da:-7c1d"/>
   <entry key="AG}4120bd1b:135e21ff4da:-7c1e"/>
   <entry key="AG}f4b0bfd:14244509e8e:-785a"/>
   <entry key="AG}4120bd1b:135e21ff4da:-7c1f"/>
   <entry key="AG}4120bd1b:135e21ff4da:-7c28"/>
   <entry key="AG}4120bd1b:135e21ff4da:-7c29"/>
   <entry key="AJ}public void com.oracle.xmlns.candidateinformation.Transaction$TransactionDetails.setStartTime(java.lang.String)"/>
   <entry key="AG}2ce55c5:13479447983:-7c2a"/>
   <entry key="AG}2ce55c5:13479447983:-7c2b"/>
   <entry key="AG}219ba4e8:13e6155e3ef:-7814"/>
   <entry key="AG}219ba4e8:13e6155e3ef:-7818"/>
   <entry key="AG}219ba4e8:13e6155e3ef:-7817"/>
   <entry key="AJ}public void com.oracle.xmlns.candidateinformation.Transaction$TransactionDetails.setWaitTime(float)"/>
   <entry key="AJ}com.oracle.xmlns.candidateinformation.Transaction$TransactionDetails.{messageType}"/>
   <entry key="AG}219ba4e8:13e6155e3ef:-7816"/>
   <entry key="AG}219ba4e8:13e6155e3ef:-7815"/>
   <entry key="AJ}public void com.oracle.xmlns.candidateinformation.Transaction$TransactionDetails.setSource(java.lang.String)"/>
   <entry key="AJ}com.oracle.xmlns.candidateinformation.Transaction$TransactionDetails.{messageVersion}"/>
   <entry key="AG}219ba4e8:13e6155e3ef:-7819"/>
   <entry key="AG}20fe6a89:132dcf6e87c:-7bfa"/>
   <entry key="AG}20fe6a89:132dcf6e87c:-7bfe"/>
   <entry key="AG}20fe6a89:132dcf6e87c:-7bfd"/>
   <entry key="AG}20fe6a89:132dcf6e87c:-7bff"/>
   <entry key="AG}2ce55c5:13479447983:-7c1d"/>
   <entry key="AG}2ce55c5:13479447983:-7c1e"/>
   <entry key="AG}2ce55c5:13479447983:-7c1f"/>
   <entry key="AG}2ce55c5:13479447983:-7c1a"/>
   <entry key="AG}2ce55c5:13479447983:-7c1c"/>
   <entry key="AG}219ba4e8:13e6155e3ef:-7803"/>
   <entry key="QualifierPatternL}2"/>
   <entry key="AG}219ba4e8:13e6155e3ef:-7800"/>
   <entry key="AG}2ce55c5:13479447983:-7c29"/>
   <entry key="AG}219ba4e8:13e6155e3ef:-7805"/>
   <entry key="AG}219ba4e8:13e6155e3ef:-7804"/>
   <entry key="AG}2ce55c5:13479447983:-7c25"/>
   <entry key="AG}2ce55c5:13479447983:-7c26"/>
   <entry key="AG}2ce55c5:13479447983:-7c27"/>
   <entry key="AG}2ce55c5:13479447983:-7c28"/>
   <entry key="AG}2ce55c5:13479447983:-7c21"/>
   <entry key="AG}2ce55c5:13479447983:-7c22"/>
   <entry key="AG}2ce55c5:13479447983:-7c23"/>
   <entry key="AG}47e8f710:1376e7dc86d:-7c3a"/>
   <entry key="AG}2ce55c5:13479447983:-7c24"/>
   <entry key="AJ}com.oracle.xmlns.candidateinformation.Transaction$TransactionDetails.{source}"/>
   <entry key="AG}2ce55c5:13479447983:-7c20"/>
   <entry key="AG}-51f96fea:1335da9be42:-7c24"/>
   <entry key="AG}-51f96fea:1335da9be42:-7c23"/>
   <entry key="AG}219ba4e8:13e6155e3ef:-781f"/>
   <entry key="AG}-51f96fea:1335da9be42:-7c26"/>
   <entry key="AG}-51f96fea:1335da9be42:-7c25"/>
   <entry key="AG}-51f96fea:1335da9be42:-7c28"/>
   <entry key="AG}-51f96fea:1335da9be42:-7c27"/>
   <entry key="AG}20fe6a89:132dcf6e87c:-7bce"/>
   <entry key="AG}-51f96fea:1335da9be42:-7c29"/>
   <entry key="AG}219ba4e8:13e6155e3ef:-7830"/>
   <entry key="AJ}public java.lang.String com.oracle.xmlns.candidateinformation.Transaction$TransactionDetails.getMilestone()"/>
   <entry key="AG}4a2aa24d:13672d9071b:-7c37"/>
   <entry key="AG}20fe6a89:132dcf6e87c:-7be0"/>
   <entry key="AG}4a2aa24d:13672d9071b:-7c36"/>
   <entry key="AJ}public float com.oracle.xmlns.candidateinformation.Transaction$TransactionDetails.getWaitTime()"/>
   <entry key="AG}4a2aa24d:13672d9071b:-7c39"/>
   <entry key="AG}20fe6a89:132dcf6e87c:-7be2"/>
   <entry key="AG}4a2aa24d:13672d9071b:-7c38"/>
   <entry key="AG}20fe6a89:132dcf6e87c:-7be1"/>
   <entry key="AG}20fe6a89:132dcf6e87c:-7be4"/>
   <entry key="AG}20fe6a89:132dcf6e87c:-7be3"/>
   <entry key="AG}20fe6a89:132dcf6e87c:-7be6"/>
   <entry key="AG}20fe6a89:132dcf6e87c:-7be5"/>
   <entry key="AG}-51f96fea:1335da9be42:-7c21"/>
   <entry key="AG}-51f96fea:1335da9be42:-7c35"/>
   <entry key="AG}-51f96fea:1335da9be42:-7c34"/>
   <entry key="AG}-51f96fea:1335da9be42:-7c37"/>
   <entry key="AG}47e8f710:1376e7dc86d:-7c39"/>
   <entry key="AG}-51f96fea:1335da9be42:-7c36"/>
   <entry key="AG}-51f96fea:1335da9be42:-7c39"/>
   <entry key="AG}47e8f710:1376e7dc86d:-7c37"/>
   <entry key="AG}-51f96fea:1335da9be42:-7c38"/>
   <entry key="AG}47e8f710:1376e7dc86d:-7c38"/>
   <entry key="AG}219ba4e8:13e6155e3ef:-7821"/>
   <entry key="AG}219ba4e8:13e6155e3ef:-7825"/>
   <entry key="AG}20fe6a89:132dcf6e87c:-7bf1"/>
   <entry key="AG}20fe6a89:132dcf6e87c:-7bf0"/>
   <entry key="AG}-51f96fea:1335da9be42:-7c2b"/>
   <entry key="AG}219ba4e8:13e6155e3ef:-7822"/>
   <entry key="AG}-51f96fea:1335da9be42:-7c2a"/>
   <entry key="AG}20fe6a89:132dcf6e87c:-7bf2"/>
   <entry key="AG}-51f96fea:1335da9be42:-7c1b"/>
   <entry key="AG}20fe6a89:132dcf6e87c:-7bf7"/>
   <entry key="AG}219ba4e8:13e6155e3ef:-7826"/>
   <entry key="AG}20fe6a89:132dcf6e87c:-7bf9"/>
   <entry key="AG}20fe6a89:132dcf6e87c:-7bf8"/>
   <entry key="AJ}com.oracle.xmlns.candidateinformation.Transaction$TransactionDetails.{platform}"/>
   <entry key="AG}-51f96fea:1335da9be42:-7c31"/>
   <entry key="AG}-51f96fea:1335da9be42:-7c30"/>
   <entry key="AG}-51f96fea:1335da9be42:-7c33"/>
   <entry key="AG}219ba4e8:13e6155e3ef:-781b"/>
   <entry key="AG}-51f96fea:1335da9be42:-7c32"/>
   <entry key="AG}219ba4e8:13e6155e3ef:-781a"/>
   <entry key="AG}-3bee479d:13e8a776a93:-7859"/>
   <entry key="AG}-3bee479d:13e8a776a93:-7858"/>
   <entry key="AG}-3bee479d:13e8a776a93:-7857"/>
   <entry key="AG}20fe6a89:132dcf6e87c:-7c38"/>
   <entry key="AG}-3bee479d:13e8a776a93:-784c"/>
   <entry key="AG}-3bee479d:13e8a776a93:-784b"/>
   <entry key="AG}-3bee479d:13e8a776a93:-784a"/>
   <entry key="AG}-6aa50c57:143e202a891:-7c35"/>
   <entry key="AG}-6aa50c57:143e202a891:-7c34"/>
   <entry key="AG}-6aa50c57:143e202a891:-7c33"/>
   <entry key="AG}20fe6a89:132dcf6e87c:-7c2a"/>
   <entry key="AG}4a2aa24d:13672d9071b:-7c3a"/>
   <entry key="AG}-3bee479d:13e8a776a93:-784f"/>
   <entry key="AJ}public com.oracle.xmlns.candidateinformation.Transaction$TransactionDetails com.oracle.xmlns.candidateinformation.ObjectFactory.createTransactionTransactionDetails()"/>
   <entry key="AJ}public void com.oracle.xmlns.candidateinformation.Transaction$TransactionDetails.setMilestone(java.lang.String)"/>
   <entry key="AG}-3bee479d:13e8a776a93:-785b"/>
   <entry key="AG}-3bee479d:13e8a776a93:-785a"/>
   <entry key="AJ}public void com.oracle.xmlns.candidateinformation.Transaction$TransactionDetails.setSupportTeamEmail(java.lang.String)"/>
   <entry key="AJ}public float com.oracle.xmlns.candidateinformation.Transaction$TransactionDetails.getThreshold()"/>
   <entry key="AG}20fe6a89:132dcf6e87c:-7c11"/>
   <entry key="AG}-6aa50c57:143e202a891:-7c3a"/>
   <entry key="AG}20fe6a89:132dcf6e87c:-7c13"/>
   <entry key="AG}20fe6a89:132dcf6e87c:-7c12"/>
   <entry key="AG}20fe6a89:132dcf6e87c:-7c15"/>
   <entry key="AG}20fe6a89:132dcf6e87c:-7c14"/>
   <entry key="AG}20fe6a89:132dcf6e87c:-7c17"/>
   <entry key="AG}20fe6a89:132dcf6e87c:-7c16"/>
   <entry key="AG}20fe6a89:132dcf6e87c:-7c19"/>
   <entry key="AG}20fe6a89:132dcf6e87c:-7c18"/>
   <entry key="AG}20fe6a89:132dcf6e87c:-7c0b"/>
   <entry key="AG}20fe6a89:132dcf6e87c:-7c0a"/>
   <entry key="AG}20fe6a89:132dcf6e87c:-7c0d"/>
   <entry key="AG}20fe6a89:132dcf6e87c:-7c0c"/>
   <entry key="AG}20fe6a89:132dcf6e87c:-7c0e"/>
   <entry key="AJ}com.oracle.xmlns.candidateinformation.Transaction$TransactionDetails.{target}"/>
   <entry key="AG}20fe6a89:132dcf6e87c:-7c22"/>
   <entry key="AG}20fe6a89:132dcf6e87c:-7c21"/>
   <entry key="AG}20fe6a89:132dcf6e87c:-7c24"/>
   <entry key="AG}20fe6a89:132dcf6e87c:-7c23"/>
   <entry key="AG}20fe6a89:132dcf6e87c:-7c26"/>
   <entry key="AG}20fe6a89:132dcf6e87c:-7c25"/>
   <entry key="AG}20fe6a89:132dcf6e87c:-7c27"/>
   <entry key="AJ}com.oracle.xmlns.candidateinformation.Transaction$TransactionDetails.{startTime}"/>
   <entry key="AG}20fe6a89:132dcf6e87c:-7c29"/>
   <entry key="AG}-6aa50c57:143e202a891:-7c39"/>
   <entry key="AG}-6aa50c57:143e202a891:-7c38"/>
   <entry key="AG}-6aa50c57:143e202a891:-7c37"/>
   <entry key="AG}-6aa50c57:143e202a891:-7c36"/>
   <entry key="AJ}public void com.oracle.xmlns.candidateinformation.Transaction$TransactionDetails.setOutage(java.lang.String)"/>
   <entry key="AG}20fe6a89:132dcf6e87c:-7c1a"/>
   <entry key="AG}20fe6a89:132dcf6e87c:-7c1c"/>
   <entry key="AG}20fe6a89:132dcf6e87c:-7c1b"/>
   <entry key="AG}20fe6a89:132dcf6e87c:-7c1e"/>
   <entry key="AG}20fe6a89:132dcf6e87c:-7c1d"/>
   <entry key="AG}-5d5b4043:13a662b0806:-7c3a"/>
   <entry key="AJ}public java.lang.String com.oracle.xmlns.candidateinformation.Transaction$TransactionDetails.getMessageVersion()"/>
   <entry key="AL}86"/>
   <entry key="AL}88"/>
   <entry key="AG}4758977:133e9b875ef:-7c3a"/>
   <entry key="AL}89"/>
   <entry key="AG}cca4238:13ed24facb4:-7c29"/>
   <entry key="AJ}public java.lang.String com.oracle.xmlns.candidateinformation.Transaction$TransactionDetails.getMessageType()"/>
   <entry key="AG}cca4238:13ed24facb4:-7c24"/>
   <entry key="AG}cca4238:13ed24facb4:-7c28"/>
   <entry key="AG}cca4238:13ed24facb4:-7c27"/>
   <entry key="AG}cca4238:13ed24facb4:-7c26"/>
   <entry key="AL}85"/>
   <entry key="AG}1e9349fb:136e41d7dc6:-7c3a"/>
   <entry key="AG}cca4238:13ed24facb4:-7c25"/>
   <entry key="AG}-7ee13aa:14181f0d19a:-7c39"/>
   <entry key="AG}20fe6a89:132dcf6e87c:-7c00"/>
   <entry key="AG}20fe6a89:132dcf6e87c:-7c02"/>
   <entry key="AJ}public java.lang.String com.oracle.xmlns.candidateinformation.Transaction$TransactionDetails.getStartTime()"/>
   <entry key="AG}-7ee13aa:14181f0d19a:-7c38"/>
   <entry key="AG}20fe6a89:132dcf6e87c:-7c01"/>
   <entry key="AG}20fe6a89:132dcf6e87c:-7c04"/>
   <entry key="AG}20fe6a89:132dcf6e87c:-7c03"/>
   <entry key="AG}-7ee13aa:14181f0d19a:-7c36"/>
   <entry key="AG}20fe6a89:132dcf6e87c:-7c06"/>
   <entry key="AG}20fe6a89:132dcf6e87c:-7c05"/>
   <entry key="AG}20fe6a89:132dcf6e87c:-7c08"/>
   <entry key="AG}20fe6a89:132dcf6e87c:-7c07"/>
   <entry key="AG}56a4d417:13e8b76dbc1:-7090"/>
   <entry key="AG}20fe6a89:132dcf6e87c:-7c09"/>
   <entry key="AJ}com.oracle.xmlns.candidateinformation.ObjectFactory"/>
   <entry key="AJ}com.oracle.xmlns.candidateinformation.Transaction$TransactionDetails.{outage}"/>
   <entry key="AG}-7ee13aa:14181f0d19a:-7c33"/>
   <entry key="AJ}public void com.oracle.xmlns.candidateinformation.Transaction$TransactionDetails.setSupportTeamQueue(java.lang.String)"/>
   <entry key="AG}-2cd205c2:1423b688e2a:-785c"/>
   <entry key="AG}-2cd205c2:1423b688e2a:-785d"/>
   <entry key="AG}1e9349fb:136e41d7dc6:-7c38"/>
   <entry key="AG}1e9349fb:136e41d7dc6:-7c39"/>
   <entry key="AG}609cca19:1385764b992:-7c39"/>
   <entry key="AG}609cca19:1385764b992:-7c38"/>
   <entry key="AG}cca4238:13ed24facb4:-7c3a"/>
   <entry key="AJ}public void com.oracle.xmlns.candidateinformation.Transaction$TransactionDetails.setThreshold(float)"/>
   <entry key="AG}609cca19:1385764b992:-7c35"/>
   <entry key="AG}609cca19:1385764b992:-7c36"/>
   <entry key="AJ}com.oracle.xmlns.candidateinformation.Transaction$TransactionDetails.{endTime}"/>
   <entry key="AG}-3bee479d:13e8a776a93:-7845"/>
   <entry key="AG}-3bee479d:13e8a776a93:-7842"/>
   <entry key="AG}-3bee479d:13e8a776a93:-7841"/>
   <entry key="AG}cca4238:13ed24facb4:-7c2d"/>
   <entry key="AJ}com.oracle.xmlns.candidateinformation.Transaction$TransactionDetails.{serviceProvider}"/>
   <entry key="AG}cca4238:13ed24facb4:-7c2c"/>
   <entry key="AG}cca4238:13ed24facb4:-7c2b"/>
   <entry key="AG}cca4238:13ed24facb4:-7c2a"/>
   <entry key="AG}-3bee479d:13e8a776a93:-7849"/>
   <entry key="AG}-3bee479d:13e8a776a93:-7848"/>
   <entry key="AG}cca4238:13ed24facb4:-7c2f"/>
   <entry key="AG}-3bee479d:13e8a776a93:-7847"/>
   <entry key="AG}cca4238:13ed24facb4:-7c2e"/>
   <entry key="AG}-3bee479d:13e8a776a93:-7846"/>
   <entry key="AJ}com.oracle.xmlns.candidateinformation.Transaction$TransactionDetails.{supportTeamQueue}"/>
   <entry key="AG}cca4238:13ed24facb4:-7c35"/>
   <entry key="AG}cca4238:13ed24facb4:-7c34"/>
   <entry key="AL}91"/>
   <entry key="AG}cca4238:13ed24facb4:-7c33"/>
   <entry key="AL}92"/>
   <entry key="AG}cca4238:13ed24facb4:-7c32"/>
   <entry key="AG}cca4238:13ed24facb4:-7c39"/>
   <entry key="AG}cca4238:13ed24facb4:-7c38"/>
   <entry key="AG}cca4238:13ed24facb4:-7c37"/>
   <entry key="AG}cca4238:13ed24facb4:-7c36"/>
   <entry key="AG}-3bee479d:13e8a776a93:-7856"/>
   <entry key="AG}-3bee479d:13e8a776a93:-7855"/>
   <entry key="AG}-3bee479d:13e8a776a93:-7853"/>
   <entry key="AG}-3bee479d:13e8a776a93:-7852"/>
   <entry key="AG}cca4238:13ed24facb4:-7c31"/>
   <entry key="AG}-3bee479d:13e8a776a93:-7851"/>
   <entry key="AG}cca4238:13ed24facb4:-7c30"/>
   <entry key="AG}-3bee479d:13e8a776a93:-7850"/>
</properties>
