<?xml version='1.0' encoding='UTF-8'?>
<!--Generated by Oracle SOA Modeler version 12.2.1.0.0.151013 at [1/25/17 10:19 AM].-->
<composite xmlns="http://xmlns.oracle.com/sca/1.0" xmlns:orawsp="http://schemas.oracle.com/ws/2006/01/policy" xmlns:ui="http://xmlns.oracle.com/soa/designer/" xmlns:wsp="http://schemas.xmlsoap.org/ws/2004/09/policy" xmlns:xs="http://www.w3.org/2001/XMLSchema" label="2011-10-06_15-25-58_156" mode="active" name="iMonitRules"
           revision="1.1" state="on" xmlns:sca-ext="http://xmlns.oracle.com/sca/1.0-ext">
   <import importType="wsdl" location="iMonitRules_iMonitRules_checkIdleTimeAlert.wsdl" namespace="http://xmlns.oracle.com/iMonitRules/iMonitRules_iMonitRules_checkIdleTimeAlert"/>
   <import importType="wsdl" location="iMonitRules_iMonitRules_checkMilestoneAlert.wsdl" namespace="http://xmlns.oracle.com/iMonitRules/iMonitRules_iMonitRules_checkMilestoneAlert"/>
   <import importType="wsdl" location="iMonitRules_iMonitRules_checkCycleTimeAlert.wsdl" namespace="http://xmlns.oracle.com/iMonitRules/iMonitRules_iMonitRules_checkCycleTimeAlert"/>
   <service name="iMonitRules_iMonitRules_checkIdleTimeAlert" ui:wsdlLocation="iMonitRules_iMonitRules_checkIdleTimeAlert.wsdl">
      <interface.wsdl interface="http://xmlns.oracle.com/iMonitRules/iMonitRules_iMonitRules_checkIdleTimeAlert#wsdl.interface(IDecisionService)"/>
      <binding.ws port="http://xmlns.oracle.com/iMonitRules/iMonitRules_iMonitRules_checkIdleTimeAlert#wsdl.endpoint(iMonitRules_iMonitRules_checkIdleTimeAlert/IDecisionService_pt)"/>
   </service>
   <service name="iMonitRules_iMonitRules_checkMilestoneAlert" ui:wsdlLocation="iMonitRules_iMonitRules_checkMilestoneAlert.wsdl">
      <interface.wsdl interface="http://xmlns.oracle.com/iMonitRules/iMonitRules_iMonitRules_checkMilestoneAlert#wsdl.interface(IDecisionService)"/>
      <binding.ws port="http://xmlns.oracle.com/iMonitRules/iMonitRules_iMonitRules_checkMilestoneAlert#wsdl.endpoint(iMonitRules_iMonitRules_checkMilestoneAlert/IDecisionService_pt)"/>
   </service>
   <service name="iMonitRules_iMonitRules_checkCycleTimeAlert" ui:wsdlLocation="iMonitRules_iMonitRules_checkCycleTimeAlert.wsdl">
      <interface.wsdl interface="http://xmlns.oracle.com/iMonitRules/iMonitRules_iMonitRules_checkCycleTimeAlert#wsdl.interface(IDecisionService)"/>
      <binding.ws port="http://xmlns.oracle.com/iMonitRules/iMonitRules_iMonitRules_checkCycleTimeAlert#wsdl.endpoint(iMonitRules_iMonitRules_checkCycleTimeAlert/IDecisionService_pt)"/>
   </service>
   <property many="false" name="originalProductVersion" type="xs:string">11.1.1.7.0</property>
   <property many="false" name="compositeID" type="xs:string">da0eba66-6102-40e9-9d9c-d7bc7a06ac46</property>
   <property name="productVersion" type="xs:string" many="false">12.2.1.0.0.151013</property>
   <component name="iMonitRules">
      <implementation.decision src="iMonitRules.decs"/>
      <componentType>
         <service name="iMonitRules_iMonitRules_checkIdleTimeAlert" ui:wsdlLocation="iMonitRules_iMonitRules_checkIdleTimeAlert.wsdl">
            <interface.wsdl interface="http://xmlns.oracle.com/iMonitRules/iMonitRules_iMonitRules_checkIdleTimeAlert#wsdl.interface(IDecisionService)"/>
         </service>
         <service name="iMonitRules_iMonitRules_checkMilestoneAlert" ui:wsdlLocation="iMonitRules_iMonitRules_checkMilestoneAlert.wsdl">
            <interface.wsdl interface="http://xmlns.oracle.com/iMonitRules/iMonitRules_iMonitRules_checkMilestoneAlert#wsdl.interface(IDecisionService)"/>
         </service>
         <service name="iMonitRules_iMonitRules_checkCycleTimeAlert" ui:wsdlLocation="iMonitRules_iMonitRules_checkCycleTimeAlert.wsdl">
            <interface.wsdl interface="http://xmlns.oracle.com/iMonitRules/iMonitRules_iMonitRules_checkCycleTimeAlert#wsdl.interface(IDecisionService)"/>
         </service>
      </componentType>
   </component>
   <wire>
      <source.uri>iMonitRules_iMonitRules_checkIdleTimeAlert</source.uri>
      <target.uri>iMonitRules/iMonitRules_iMonitRules_checkIdleTimeAlert</target.uri>
   </wire>
   <wire>
      <source.uri>iMonitRules_iMonitRules_checkMilestoneAlert</source.uri>
      <target.uri>iMonitRules/iMonitRules_iMonitRules_checkMilestoneAlert</target.uri>
   </wire>
   <wire>
      <source.uri>iMonitRules_iMonitRules_checkCycleTimeAlert</source.uri>
      <target.uri>iMonitRules/iMonitRules_iMonitRules_checkCycleTimeAlert</target.uri>
   </wire>
</composite>
